{
  "title":"CSS element() function",
  "description":"This function renders a live image generated from an arbitrary HTML element",
  "spec":"http://www.w3.org/TR/css4-images/#element-notation",
  "status":"wd",
  "links":[
    {
      "url":"https://developer.mozilla.org/en-US/docs/Web/CSS/element",
      "title":"Mozilla Developer Network (MDN) documentation - CSS element"
    }
  ],
  "bugs":[
    {
      "description":"Chromium [bug #108972](https://code.google.com/p/chromium/issues/detail?id=108972)"
    },
    {
      "description":"WebKit [bug #44650](https://bugs.webkit.org/show_bug.cgi?id=44650)"
    }
  ],
  "categories":[
    "CSS3"
  ],
  "stats":{
    "ie":{
      "5.5":"n",
      "6":"n",
      "7":"n",
      "8":"n",
      "9":"n",
      "10":"n",
      "11":"n"
    },
    "edge":{
      "12":"n",
      "13":"n",
      "14":"n",
      "15":"n",
      "16":"n"
    },
    "firefox":{
      "2":"a x #1",
      "3":"a x #1",
      "3.5":"a x #1",
      "3.6":"a x #1",
      "4":"y x",
      "5":"y x",
      "6":"y x",
      "7":"y x",
      "8":"y x",
      "9":"y x",
      "10":"y x",
      "11":"y x",
      "12":"y x",
      "13":"y x",
      "14":"y x",
      "15":"y x",
      "16":"y x",
      "17":"y x",
      "18":"y x",
      "19":"y x",
      "20":"y x",
      "21":"y x",
      "22":"y x",
      "23":"y x",
      "24":"y x",
      "25":"y x",
      "26":"y x",
      "27":"y x",
      "28":"y x",
      "29":"y x",
      "30":"y x",
      "31":"y x",
      "32":"y x",
      "33":"y x",
      "34":"y x",
      "35":"y x",
      "36":"y x",
      "37":"y x",
      "38":"y x",
      "39":"y x",
      "40":"y x",
      "41":"y x",
      "42":"y x",
      "43":"y x",
      "44":"y x",
      "45":"y x",
      "46":"y x",
      "47":"y x",
      "48":"y x",
      "49":"y x",
      "50":"y x",
      "51":"y x",
      "52":"y x",
      "53":"y x",
      "54":"y x",
      "55":"y x",
      "56":"y x",
      "57":"y x"
    },
    "chrome":{
      "4":"n",
      "5":"n",
      "6":"n",
      "7":"n",
      "8":"n",
      "9":"n",
      "10":"n",
      "11":"n",
      "12":"n",
      "13":"n",
      "14":"n",
      "15":"n",
      "16":"n",
      "17":"n",
      "18":"n",
      "19":"n",
      "20":"n",
      "21":"n",
      "22":"n",
      "23":"n",
      "24":"n",
      "25":"n",
      "26":"n",
      "27":"n",
      "28":"n",
      "29":"n",
      "30":"n",
      "31":"n",
      "32":"n",
      "33":"n",
      "34":"n",
      "35":"n",
      "36":"n",
      "37":"n",
      "38":"n",
      "39":"n",
      "40":"n",
      "41":"n",
      "42":"n",
      "43":"n",
      "44":"n",
      "45":"n",
      "46":"n",
      "47":"n",
      "48":"n",
      "49":"n",
      "50":"n",
      "51":"n",
      "52":"n",
      "53":"n",
      "54":"n",
      "55":"n",
      "56":"n",
      "57":"n",
      "58":"n",
      "59":"n",
      "60":"n",
      "61":"n",
      "62":"n"
    },
    "safari":{
      "3.1":"n",
      "3.2":"n",
      "4":"n",
      "5":"n",
      "5.1":"n",
      "6":"n",
      "6.1":"n",
      "7":"n",
      "7.1":"n",
      "8":"n",
      "9":"n",
      "9.1":"n",
      "10":"n",
      "10.1":"n",
      "11":"n",
      "TP":"n"
    },
    "opera":{
      "9":"n",
      "9.5-9.6":"n",
      "10.0-10.1":"n",
      "10.5":"n",
      "10.6":"n",
      "11":"n",
      "11.1":"n",
      "11.5":"n",
      "11.6":"n",
      "12":"n",
      "12.1":"n",
      "15":"n",
      "16":"n",
      "17":"n",
      "18":"n",
      "19":"n",
      "20":"n",
      "21":"n",
      "22":"n",
      "23":"n",
      "24":"n",
      "25":"n",
      "26":"n",
      "27":"n",
      "28":"n",
      "29":"n",
      "30":"n",
      "31":"n",
      "32":"n",
      "33":"n",
      "34":"n",
      "35":"n",
      "36":"n",
      "37":"n",
      "38":"n",
      "39":"n",
      "40":"n",
      "41":"n",
      "42":"n",
      "43":"n",
      "44":"n",
      "45":"n",
      "46":"n",
      "47":"n",
      "48":"n"
    },
    "ios_saf":{
      "3.2":"n",
      "4.0-4.1":"n",
      "4.2-4.3":"n",
      "5.0-5.1":"n",
      "6.0-6.1":"n",
      "7.0-7.1":"n",
      "8":"n",
      "8.1-8.4":"n",
      "9.0-9.2":"n",
      "9.3":"n",
      "10.0-10.2":"n",
      "10.3":"n",
      "11":"n"
    },
    "op_mini":{
      "all":"n"
    },
    "android":{
      "2.1":"n",
      "2.2":"n",
      "2.3":"n",
      "3":"n",
      "4":"n",
      "4.1":"n",
      "4.2-4.3":"n",
      "4.4":"n",
      "4.4.3-4.4.4":"n",
      "56":"n"
    },
    "bb":{
      "7":"n",
      "10":"n"
    },
    "op_mob":{
      "10":"n",
      "11":"n",
      "11.1":"n",
      "11.5":"n",
      "12":"n",
      "12.1":"n",
      "37":"n"
    },
    "and_chr":{
      "59":"n"
    },
    "and_ff":{
      "54":"y x"
    },
    "ie_mob":{
      "10":"n",
      "11":"n"
    },
    "and_uc":{
      "11.4":"n"
    },
    "samsung":{
      "4":"n",
      "5":"n"
    },
    "and_qq":{
      "1.2":"n"
    },
    "baidu":{
      "7.12":"n"
    }
  },
  "notes":"",
  "notes_by_num":{
    "1":"In Firefox < 4, usage limited to the background and background-image CSS properties"
  },
  "usage_perc_y":5.89,
  "usage_perc_a":0.04,
  "ucprefix":false,
  "parent":"",
  "keywords":"element, function",
  "ie_id":"",
  "chrome_id":"",
  "firefox_id":"",
  "webkit_id":"",
  "shown":true
}
