{
  "title":"Encrypted Media Extensions",
  "description":"The EncryptedMediaExtenstions API provides interfaces for controlling the playback of content which is subject to a DRM scheme.",
  "spec":"https://w3c.github.io/encrypted-media/",
  "status":"pr",
  "links":[
    {
      "url":"https://www.html5rocks.com/en/tutorials/eme/basics/",
      "title":"HTML5rocks article"
    },
    {
      "url":"https://en.wikipedia.org/wiki/Encrypted_Media_Extensions",
      "title":"Wikipedia article"
    },
    {
      "url":"https://developer.mozilla.org/en-US/docs/Web/API/Encrypted_Media_Extensions_API",
      "title":"Encrypted Media Extensions API on MDN"
    }
  ],
  "bugs":[
    
  ],
  "categories":[
    "JS API",
    "Security"
  ],
  "stats":{
    "ie":{
      "5.5":"n",
      "6":"n",
      "7":"n",
      "8":"n",
      "9":"n",
      "10":"n",
      "11":"a x #1"
    },
    "edge":{
      "12":"y",
      "13":"y",
      "14":"y",
      "15":"y",
      "16":"y"
    },
    "firefox":{
      "2":"n",
      "3":"n",
      "3.5":"n",
      "3.6":"n",
      "4":"n",
      "5":"n",
      "6":"n",
      "7":"n",
      "8":"n",
      "9":"n",
      "10":"n",
      "11":"n",
      "12":"n",
      "13":"n",
      "14":"n",
      "15":"n",
      "16":"n",
      "17":"n",
      "18":"n",
      "19":"n",
      "20":"n",
      "21":"n",
      "22":"n",
      "23":"n",
      "24":"n",
      "25":"n",
      "26":"n",
      "27":"n",
      "28":"n",
      "29":"n",
      "30":"n",
      "31":"n",
      "32":"n",
      "33":"n",
      "34":"n",
      "35":"n",
      "36":"n",
      "37":"n",
      "38":"y",
      "39":"y",
      "40":"y",
      "41":"y",
      "42":"y",
      "43":"y",
      "44":"y",
      "45":"y",
      "46":"y",
      "47":"y",
      "48":"y",
      "49":"y",
      "50":"y",
      "51":"y",
      "52":"y",
      "53":"y",
      "54":"y",
      "55":"y",
      "56":"y",
      "57":"y"
    },
    "chrome":{
      "4":"n",
      "5":"n",
      "6":"n",
      "7":"n",
      "8":"n",
      "9":"n",
      "10":"n",
      "11":"n",
      "12":"n",
      "13":"n",
      "14":"n",
      "15":"n",
      "16":"n",
      "17":"n",
      "18":"n",
      "19":"n",
      "20":"n",
      "21":"n",
      "22":"n",
      "23":"n",
      "24":"n",
      "25":"n",
      "26":"n",
      "27":"n",
      "28":"n",
      "29":"n",
      "30":"n",
      "31":"n",
      "32":"n",
      "33":"n",
      "34":"n",
      "35":"a #1",
      "36":"a #1",
      "37":"a #1",
      "38":"a #1",
      "39":"a #1",
      "40":"a #1",
      "41":"a #1",
      "42":"y",
      "43":"y",
      "44":"y",
      "45":"y",
      "46":"y",
      "47":"y",
      "48":"y",
      "49":"y",
      "50":"y",
      "51":"y",
      "52":"y",
      "53":"y",
      "54":"y",
      "55":"y",
      "56":"y",
      "57":"y",
      "58":"y",
      "59":"y",
      "60":"y",
      "61":"y",
      "62":"y"
    },
    "safari":{
      "3.1":"n",
      "3.2":"n",
      "4":"n",
      "5":"n",
      "5.1":"n",
      "6":"n",
      "6.1":"n",
      "7":"a x #1",
      "7.1":"a x #1",
      "8":"a x #1",
      "9":"a x #1",
      "9.1":"a x #1",
      "10":"a x #1",
      "10.1":"a x #1",
      "11":"a x #1",
      "TP":"a x #1"
    },
    "opera":{
      "9":"n",
      "9.5-9.6":"n",
      "10.0-10.1":"n",
      "10.5":"n",
      "10.6":"n",
      "11":"n",
      "11.1":"n",
      "11.5":"n",
      "11.6":"n",
      "12":"n",
      "12.1":"n",
      "15":"n",
      "16":"n",
      "17":"n",
      "18":"n",
      "19":"n",
      "20":"n",
      "21":"n",
      "22":"a #1",
      "23":"a #1",
      "24":"a #1",
      "25":"a #1",
      "26":"a #1",
      "27":"a #1",
      "28":"a #1",
      "29":"y",
      "30":"y",
      "31":"y",
      "32":"y",
      "33":"y",
      "34":"y",
      "35":"y",
      "36":"y",
      "37":"y",
      "38":"y",
      "39":"y",
      "40":"y",
      "41":"y",
      "42":"y",
      "43":"y",
      "44":"y",
      "45":"y",
      "46":"y",
      "47":"y",
      "48":"y"
    },
    "ios_saf":{
      "3.2":"n",
      "4.0-4.1":"n",
      "4.2-4.3":"n",
      "5.0-5.1":"n",
      "6.0-6.1":"n",
      "7.0-7.1":"n",
      "8":"n",
      "8.1-8.4":"n",
      "9.0-9.2":"n",
      "9.3":"n",
      "10.0-10.2":"n",
      "10.3":"n",
      "11":"n"
    },
    "op_mini":{
      "all":"n"
    },
    "android":{
      "2.1":"n",
      "2.2":"n",
      "2.3":"n",
      "3":"n",
      "4":"n",
      "4.1":"n",
      "4.2-4.3":"n",
      "4.4":"n",
      "4.4.3-4.4.4":"n",
      "56":"y"
    },
    "bb":{
      "7":"n",
      "10":"n"
    },
    "op_mob":{
      "10":"n",
      "11":"n",
      "11.1":"n",
      "11.5":"n",
      "12":"n",
      "12.1":"n",
      "37":"y"
    },
    "and_chr":{
      "59":"y"
    },
    "and_ff":{
      "54":"n"
    },
    "ie_mob":{
      "10":"n",
      "11":"n"
    },
    "and_uc":{
      "11.4":"n"
    },
    "samsung":{
      "4":"n",
      "5":"y"
    },
    "and_qq":{
      "1.2":"n"
    },
    "baidu":{
      "7.12":"n"
    }
  },
  "notes":"",
  "notes_by_num":{
    "1":"Only supports the older event-based specification"
  },
  "usage_perc_y":62.04,
  "usage_perc_a":5.61,
  "ucprefix":false,
  "parent":"",
  "keywords":"requestMediaKeySystemAccess,createMediaKeys",
  "ie_id":"encryptedmediaextensions",
  "chrome_id":"6578378068983808",
  "firefox_id":"",
  "webkit_id":"",
  "shown":true
}
