{
  "title":"IndexedDB 2.0",
  "description":"Improvements to Indexed DB, including getAll(), renaming stores and indexes, and binary keys.",
  "spec":"https://www.w3.org/TR/IndexedDB-2/",
  "status":"wd",
  "links":[
    {
      "url":"https://hacks.mozilla.org/2016/10/whats-new-in-indexeddb-2-0/",
      "title":"Mozilla Hacks: What's new in IndexedDB 2.0?"
    },
    {
      "url":"https://developer.mozilla.org/en-US/docs/Web/API/IndexedDB_API",
      "title":"MDN Docs"
    }
  ],
  "bugs":[
    
  ],
  "categories":[
    "JS API"
  ],
  "stats":{
    "ie":{
      "5.5":"n",
      "6":"n",
      "7":"n",
      "8":"n",
      "9":"n",
      "10":"n",
      "11":"n"
    },
    "edge":{
      "12":"n",
      "13":"n",
      "14":"n",
      "15":"n",
      "16":"n"
    },
    "firefox":{
      "2":"n",
      "3":"n",
      "3.5":"n",
      "3.6":"n",
      "4":"n",
      "5":"n",
      "6":"n",
      "7":"n",
      "8":"n",
      "9":"n",
      "10":"n",
      "11":"n",
      "12":"n",
      "13":"n",
      "14":"n",
      "15":"n",
      "16":"n",
      "17":"n",
      "18":"n",
      "19":"n",
      "20":"n",
      "21":"n",
      "22":"n",
      "23":"n",
      "24":"n",
      "25":"n",
      "26":"n",
      "27":"n",
      "28":"n",
      "29":"n",
      "30":"n",
      "31":"n",
      "32":"n",
      "33":"n",
      "34":"n",
      "35":"n",
      "36":"n",
      "37":"n",
      "38":"n",
      "39":"n",
      "40":"n",
      "41":"n",
      "42":"n",
      "43":"n",
      "44":"a #1",
      "45":"a #1",
      "46":"a #1",
      "47":"a #2",
      "48":"a #2",
      "49":"a #2",
      "50":"a #2",
      "51":"y",
      "52":"y",
      "53":"y",
      "54":"y",
      "55":"y",
      "56":"y",
      "57":"y"
    },
    "chrome":{
      "4":"n",
      "5":"n",
      "6":"n",
      "7":"n",
      "8":"n",
      "9":"n",
      "10":"n",
      "11":"n",
      "12":"n",
      "13":"n",
      "14":"n",
      "15":"n",
      "16":"n",
      "17":"n",
      "18":"n",
      "19":"n",
      "20":"n",
      "21":"n",
      "22":"n",
      "23":"n",
      "24":"n",
      "25":"n",
      "26":"n",
      "27":"n",
      "28":"n",
      "29":"n",
      "30":"n",
      "31":"n",
      "32":"n",
      "33":"n",
      "34":"n",
      "35":"n",
      "36":"n",
      "37":"n",
      "38":"n",
      "39":"n",
      "40":"n",
      "41":"n",
      "42":"n",
      "43":"n",
      "44":"n",
      "45":"n",
      "46":"n",
      "47":"n",
      "48":"a #1",
      "49":"a #1",
      "50":"a #1",
      "51":"a #1",
      "52":"a #2",
      "53":"a #2",
      "54":"a #2",
      "55":"a #2",
      "56":"a #2",
      "57":"a #2",
      "58":"y",
      "59":"y",
      "60":"y",
      "61":"y",
      "62":"y"
    },
    "safari":{
      "3.1":"n",
      "3.2":"n",
      "4":"n",
      "5":"n",
      "5.1":"n",
      "6":"n",
      "6.1":"n",
      "7":"n",
      "7.1":"n",
      "8":"n",
      "9":"n",
      "9.1":"n",
      "10":"n",
      "10.1":"y",
      "11":"y",
      "TP":"y"
    },
    "opera":{
      "9":"n",
      "9.5-9.6":"n",
      "10.0-10.1":"n",
      "10.5":"n",
      "10.6":"n",
      "11":"n",
      "11.1":"n",
      "11.5":"n",
      "11.6":"n",
      "12":"n",
      "12.1":"n",
      "15":"n",
      "16":"n",
      "17":"n",
      "18":"n",
      "19":"n",
      "20":"n",
      "21":"n",
      "22":"n",
      "23":"n",
      "24":"n",
      "25":"n",
      "26":"n",
      "27":"n",
      "28":"n",
      "29":"n",
      "30":"n",
      "31":"n",
      "32":"n",
      "33":"n",
      "34":"n",
      "35":"a #1",
      "36":"a #1",
      "37":"a #1",
      "38":"a #1",
      "39":"a #2",
      "40":"a #2",
      "41":"a #2",
      "42":"a #2",
      "43":"a #2",
      "44":"a #2",
      "45":"y",
      "46":"y",
      "47":"y",
      "48":"y"
    },
    "ios_saf":{
      "3.2":"n",
      "4.0-4.1":"n",
      "4.2-4.3":"n",
      "5.0-5.1":"n",
      "6.0-6.1":"n",
      "7.0-7.1":"n",
      "8":"n",
      "8.1-8.4":"n",
      "9.0-9.2":"n",
      "9.3":"n",
      "10.0-10.2":"u",
      "10.3":"y",
      "11":"y"
    },
    "op_mini":{
      "all":"n"
    },
    "android":{
      "2.1":"n",
      "2.2":"n",
      "2.3":"n",
      "3":"n",
      "4":"n",
      "4.1":"n",
      "4.2-4.3":"n",
      "4.4":"n",
      "4.4.3-4.4.4":"n",
      "56":"a #2"
    },
    "bb":{
      "7":"n",
      "10":"u"
    },
    "op_mob":{
      "10":"n",
      "11":"n",
      "11.1":"n",
      "11.5":"n",
      "12":"n",
      "12.1":"n",
      "37":"a #1"
    },
    "and_chr":{
      "59":"a #2"
    },
    "and_ff":{
      "54":"u"
    },
    "ie_mob":{
      "10":"n",
      "11":"n"
    },
    "and_uc":{
      "11.4":"u"
    },
    "samsung":{
      "4":"u",
      "5":"a #2"
    },
    "and_qq":{
      "1.2":"u"
    },
    "baidu":{
      "7.12":"u"
    }
  },
  "notes":"",
  "notes_by_num":{
    "1":"Missing: IDBKeyRange includes(), renaming stores/indexes, binary keys, IDBObjectStore getKey(), IDBCursor continuePrimaryKey()",
    "2":"Missing: Renaming stores/indexes, binary keys, IDBObjectStore getKey(), IDBCursor continuePrimaryKey()"
  },
  "usage_perc_y":36.44,
  "usage_perc_a":32.35,
  "ucprefix":false,
  "parent":"",
  "keywords":"indexdb,indexeddb,idb",
  "ie_id":"indexeddb",
  "chrome_id":"5812621622116352,6571252802125824,6537756637396992",
  "firefox_id":"indexeddb",
  "webkit_id":"specification-indexed-database-2.0",
  "shown":false
}
