{
  "title":"Multiple file selection",
  "description":"Allows users to select multiple files in the file picker.",
  "spec":"https://html.spec.whatwg.org/multipage/forms.html#attr-input-multiple",
  "status":"ls",
  "links":[
    {
      "url":"https://code.google.com/p/chromium/issues/detail?id=348912",
      "title":"Chrome bug (for Android)"
    },
    {
      "url":"http://www.raymondcamden.com/2012/2/28/Working-with-HTML5s-multiple-file-upload-support",
      "title":"Article"
    }
  ],
  "bugs":[
    
  ],
  "categories":[
    "HTML5"
  ],
  "stats":{
    "ie":{
      "5.5":"n",
      "6":"n",
      "7":"n",
      "8":"n",
      "9":"n",
      "10":"y",
      "11":"y"
    },
    "edge":{
      "12":"y",
      "13":"y",
      "14":"y",
      "15":"y",
      "16":"y"
    },
    "firefox":{
      "2":"n",
      "3":"n",
      "3.5":"n",
      "3.6":"y",
      "4":"y",
      "5":"y",
      "6":"y",
      "7":"y",
      "8":"y",
      "9":"y",
      "10":"y",
      "11":"y",
      "12":"y",
      "13":"y",
      "14":"y",
      "15":"y",
      "16":"y",
      "17":"y",
      "18":"y",
      "19":"y",
      "20":"y",
      "21":"y",
      "22":"y",
      "23":"y",
      "24":"y",
      "25":"y",
      "26":"y",
      "27":"y",
      "28":"y",
      "29":"y",
      "30":"y",
      "31":"y",
      "32":"y",
      "33":"y",
      "34":"y",
      "35":"y",
      "36":"y",
      "37":"y",
      "38":"y",
      "39":"y",
      "40":"y",
      "41":"y",
      "42":"y",
      "43":"y",
      "44":"y",
      "45":"y",
      "46":"y",
      "47":"y",
      "48":"y",
      "49":"y",
      "50":"y",
      "51":"y",
      "52":"y",
      "53":"y",
      "54":"y",
      "55":"y",
      "56":"y",
      "57":"y"
    },
    "chrome":{
      "4":"n",
      "5":"y",
      "6":"y",
      "7":"y",
      "8":"y",
      "9":"y",
      "10":"y",
      "11":"y",
      "12":"y",
      "13":"y",
      "14":"y",
      "15":"y",
      "16":"y",
      "17":"y",
      "18":"y",
      "19":"y",
      "20":"y",
      "21":"y",
      "22":"y",
      "23":"y",
      "24":"y",
      "25":"y",
      "26":"y",
      "27":"y",
      "28":"y",
      "29":"y",
      "30":"y",
      "31":"y",
      "32":"y",
      "33":"y",
      "34":"y",
      "35":"y",
      "36":"y",
      "37":"y",
      "38":"y",
      "39":"y",
      "40":"y",
      "41":"y",
      "42":"y",
      "43":"y",
      "44":"y",
      "45":"y",
      "46":"y",
      "47":"y",
      "48":"y",
      "49":"y",
      "50":"y",
      "51":"y",
      "52":"y",
      "53":"y",
      "54":"y",
      "55":"y",
      "56":"y",
      "57":"y",
      "58":"y",
      "59":"y",
      "60":"y",
      "61":"y",
      "62":"y"
    },
    "safari":{
      "3.1":"n",
      "3.2":"n",
      "4":"y",
      "5":"y",
      "5.1":"y",
      "6":"y",
      "6.1":"y",
      "7":"y",
      "7.1":"y",
      "8":"y",
      "9":"y",
      "9.1":"y",
      "10":"y",
      "10.1":"y",
      "11":"y",
      "TP":"y"
    },
    "opera":{
      "9":"n",
      "9.5-9.6":"n",
      "10.0-10.1":"n",
      "10.5":"n",
      "10.6":"y",
      "11":"y",
      "11.1":"y",
      "11.5":"y",
      "11.6":"y",
      "12":"y",
      "12.1":"y",
      "15":"y",
      "16":"y",
      "17":"y",
      "18":"y",
      "19":"y",
      "20":"y",
      "21":"y",
      "22":"y",
      "23":"y",
      "24":"y",
      "25":"y",
      "26":"y",
      "27":"y",
      "28":"y",
      "29":"y",
      "30":"y",
      "31":"y",
      "32":"y",
      "33":"y",
      "34":"y",
      "35":"y",
      "36":"y",
      "37":"y",
      "38":"y",
      "39":"y",
      "40":"y",
      "41":"y",
      "42":"y",
      "43":"y",
      "44":"y",
      "45":"y",
      "46":"y",
      "47":"y",
      "48":"y"
    },
    "ios_saf":{
      "3.2":"n",
      "4.0-4.1":"n",
      "4.2-4.3":"n",
      "5.0-5.1":"n",
      "6.0-6.1":"y",
      "7.0-7.1":"y",
      "8":"y",
      "8.1-8.4":"y",
      "9.0-9.2":"y",
      "9.3":"y",
      "10.0-10.2":"y",
      "10.3":"y",
      "11":"y"
    },
    "op_mini":{
      "all":"n #1"
    },
    "android":{
      "2.1":"n #1",
      "2.2":"n #1",
      "2.3":"n #1",
      "3":"n #1",
      "4":"n #1",
      "4.1":"n #1",
      "4.2-4.3":"n #1",
      "4.4":"n #1",
      "4.4.3-4.4.4":"n #1",
      "56":"n #1"
    },
    "bb":{
      "7":"n",
      "10":"n"
    },
    "op_mob":{
      "10":"n #1",
      "11":"n #1",
      "11.1":"n #1",
      "11.5":"n #1",
      "12":"n #1",
      "12.1":"n #1",
      "37":"n #1"
    },
    "and_chr":{
      "59":"a #1"
    },
    "and_ff":{
      "54":"n #1"
    },
    "ie_mob":{
      "10":"n",
      "11":"n"
    },
    "and_uc":{
      "11.4":"n #1"
    },
    "samsung":{
      "4":"n #1",
      "5":"a #1"
    },
    "and_qq":{
      "1.2":"y"
    },
    "baidu":{
      "7.12":"a #1"
    }
  },
  "notes":"",
  "notes_by_num":{
    "1":"Not supported on Android 4.x and below, presumably an OS limitation. Only seems to work in Android 5.x for the Chrome browser."
  },
  "usage_perc_y":50.12,
  "usage_perc_a":28.9,
  "ucprefix":false,
  "parent":"forms",
  "keywords":"",
  "ie_id":"",
  "chrome_id":"",
  "firefox_id":"",
  "webkit_id":"",
  "shown":true
}
