{
  "title":"Speech Synthesis API",
  "description":"A web API for controlling a text-to-speech output.",
  "spec":"https://dvcs.w3.org/hg/speech-api/raw-file/tip/speechapi.html#tts-section",
  "status":"unoff",
  "links":[
    {
      "url":"http://updates.html5rocks.com/2014/01/Web-apps-that-talk---Introduction-to-the-Speech-Synthesis-API",
      "title":"HTML5Rocks article"
    },
    {
      "url":"http://www.sitepoint.com/talking-web-pages-and-the-speech-synthesis-api/",
      "title":"SitePoint article"
    },
    {
      "url":"http://aurelio.audero.it/demo/speech-synthesis-api-demo.html",
      "title":"Demo"
    },
    {
      "url":"http://zenorocha.github.io/voice-elements/",
      "title":"Advanced demo and resource"
    }
  ],
  "bugs":[
    {
      "description":"[Chrome issue 679437: Speech Synthesis stops abruptly after about 15 seconds](https://bugs.chromium.org/p/chromium/issues/detail?id=679437)"
    }
  ],
  "categories":[
    "JS API"
  ],
  "stats":{
    "ie":{
      "5.5":"n",
      "6":"n",
      "7":"n",
      "8":"n",
      "9":"n",
      "10":"n",
      "11":"n"
    },
    "edge":{
      "12":"n",
      "13":"n",
      "14":"y",
      "15":"y",
      "16":"y"
    },
    "firefox":{
      "2":"n",
      "3":"n",
      "3.5":"n",
      "3.6":"n",
      "4":"n",
      "5":"n",
      "6":"n",
      "7":"n",
      "8":"n",
      "9":"n",
      "10":"n",
      "11":"n",
      "12":"n",
      "13":"n",
      "14":"n",
      "15":"n",
      "16":"n",
      "17":"n",
      "18":"n",
      "19":"n",
      "20":"n",
      "21":"n",
      "22":"n",
      "23":"n",
      "24":"n",
      "25":"n",
      "26":"n",
      "27":"n",
      "28":"n",
      "29":"n",
      "30":"n",
      "31":"n d #1",
      "32":"n d #1",
      "33":"n d #1",
      "34":"n d #1",
      "35":"n d #1",
      "36":"n d #1",
      "37":"n d #1",
      "38":"n d #1",
      "39":"n d #1",
      "40":"n d #1",
      "41":"n d #1",
      "42":"n d #1",
      "43":"n d #1",
      "44":"n d #1",
      "45":"n d #1",
      "46":"n d #1",
      "47":"n d #1",
      "48":"n d #1",
      "49":"y",
      "50":"y",
      "51":"y",
      "52":"y",
      "53":"y",
      "54":"y",
      "55":"y",
      "56":"y",
      "57":"y"
    },
    "chrome":{
      "4":"n",
      "5":"n",
      "6":"n",
      "7":"n",
      "8":"n",
      "9":"n",
      "10":"n",
      "11":"n",
      "12":"n",
      "13":"n",
      "14":"n",
      "15":"n",
      "16":"n",
      "17":"n",
      "18":"n",
      "19":"n",
      "20":"n",
      "21":"n",
      "22":"n",
      "23":"n",
      "24":"n",
      "25":"n",
      "26":"n",
      "27":"n",
      "28":"n",
      "29":"n",
      "30":"n",
      "31":"n",
      "32":"n",
      "33":"y",
      "34":"y",
      "35":"y",
      "36":"y",
      "37":"y",
      "38":"y",
      "39":"y",
      "40":"y",
      "41":"y",
      "42":"y",
      "43":"y",
      "44":"y",
      "45":"y",
      "46":"y",
      "47":"y",
      "48":"y",
      "49":"y",
      "50":"y",
      "51":"y",
      "52":"y",
      "53":"y",
      "54":"y",
      "55":"y #2",
      "56":"y #2",
      "57":"y #2",
      "58":"y #2",
      "59":"y #2",
      "60":"y #2",
      "61":"y #2",
      "62":"y #2"
    },
    "safari":{
      "3.1":"n",
      "3.2":"n",
      "4":"n",
      "5":"n",
      "5.1":"n",
      "6":"n",
      "6.1":"n",
      "7":"y",
      "7.1":"y",
      "8":"y",
      "9":"y",
      "9.1":"y",
      "10":"y",
      "10.1":"y",
      "11":"y",
      "TP":"y"
    },
    "opera":{
      "9":"n",
      "9.5-9.6":"n",
      "10.0-10.1":"n",
      "10.5":"n",
      "10.6":"n",
      "11":"n",
      "11.1":"n",
      "11.5":"n",
      "11.6":"n",
      "12":"n",
      "12.1":"n",
      "15":"n",
      "16":"n",
      "17":"n",
      "18":"n",
      "19":"n",
      "20":"n",
      "21":"n",
      "22":"n",
      "23":"n",
      "24":"n",
      "25":"n",
      "26":"n",
      "27":"y",
      "28":"y",
      "29":"y",
      "30":"y",
      "31":"y",
      "32":"y",
      "33":"y",
      "34":"y",
      "35":"y",
      "36":"y",
      "37":"y",
      "38":"y",
      "39":"y",
      "40":"y",
      "41":"y",
      "42":"y",
      "43":"y",
      "44":"y",
      "45":"y",
      "46":"y",
      "47":"y",
      "48":"y"
    },
    "ios_saf":{
      "3.2":"n",
      "4.0-4.1":"n",
      "4.2-4.3":"n",
      "5.0-5.1":"n",
      "6.0-6.1":"n",
      "7.0-7.1":"y",
      "8":"y",
      "8.1-8.4":"y",
      "9.0-9.2":"y",
      "9.3":"y",
      "10.0-10.2":"y",
      "10.3":"y",
      "11":"y"
    },
    "op_mini":{
      "all":"n"
    },
    "android":{
      "2.1":"n",
      "2.2":"n",
      "2.3":"n",
      "3":"n",
      "4":"n",
      "4.1":"n",
      "4.2-4.3":"n",
      "4.4":"n",
      "4.4.3-4.4.4":"n",
      "56":"n"
    },
    "bb":{
      "7":"n",
      "10":"n"
    },
    "op_mob":{
      "10":"n",
      "11":"n",
      "11.1":"n",
      "11.5":"n",
      "12":"n",
      "12.1":"n",
      "37":"n"
    },
    "and_chr":{
      "59":"y"
    },
    "and_ff":{
      "54":"n"
    },
    "ie_mob":{
      "10":"n",
      "11":"n"
    },
    "and_uc":{
      "11.4":"n"
    },
    "samsung":{
      "4":"n",
      "5":"y"
    },
    "and_qq":{
      "1.2":"y"
    },
    "baidu":{
      "7.12":"n"
    }
  },
  "notes":"Samsung Internet for GearVR: In Development, release based on Chromium m53 due Q1/2017",
  "notes_by_num":{
    "1":"Can be enabled in Firefox using the `media.webspeech.synth.enabled` about:config flag.",
    "2":"Speech Synthesis in Chrome since version 55 stops playback after about 15 seconds on Windows 7 & 10, and Ubuntu 14.04, possibly other platforms"
  },
  "usage_perc_y":73.86,
  "usage_perc_a":0,
  "ucprefix":false,
  "parent":"web-speech",
  "keywords":"speech,synthesis,speechSynthesis,TTS,SpeechSynthesisUtterance,",
  "ie_id":"webspeechapisynthesis",
  "chrome_id":"4782875580825600",
  "firefox_id":"webspeech-synthesis",
  "webkit_id":"",
  "shown":true
}
