{
  "title":"Subresource Integrity",
  "description":"Subresource Integrity enables browsers to verify that file is delivered without unexpected manipulation.",
  "spec":"http://www.w3.org/TR/SRI/",
  "status":"rec",
  "links":[
    {
      "url":"https://developer.mozilla.org/en-US/docs/Web/Security/Subresource_Integrity",
      "title":"Subresource Integrity (MDN)"
    },
    {
      "url":"https://www.srihash.org/",
      "title":"SRI generation and browser support test"
    },
    {
      "url":"https://sritest.io",
      "title":"SRI hash webpage scanner"
    },
    {
      "url":"https://bugs.webkit.org/show_bug.cgi?id=148363",
      "title":"WebKit feature request bug"
    }
  ],
  "bugs":[
    
  ],
  "categories":[
    "HTML5",
    "Security"
  ],
  "stats":{
    "ie":{
      "5.5":"n",
      "6":"n",
      "7":"n",
      "8":"n",
      "9":"n",
      "10":"n",
      "11":"n"
    },
    "edge":{
      "12":"n",
      "13":"n",
      "14":"n",
      "15":"n",
      "16":"n"
    },
    "firefox":{
      "2":"n",
      "3":"n",
      "3.5":"n",
      "3.6":"n",
      "4":"n",
      "5":"n",
      "6":"n",
      "7":"n",
      "8":"n",
      "9":"n",
      "10":"n",
      "11":"n",
      "12":"n",
      "13":"n",
      "14":"n",
      "15":"n",
      "16":"n",
      "17":"n",
      "18":"n",
      "19":"n",
      "20":"n",
      "21":"n",
      "22":"n",
      "23":"n",
      "24":"n",
      "25":"n",
      "26":"n",
      "27":"n",
      "28":"n",
      "29":"n",
      "30":"n",
      "31":"n",
      "32":"n",
      "33":"n",
      "34":"n",
      "35":"n",
      "36":"n",
      "37":"n",
      "38":"n",
      "39":"n",
      "40":"n",
      "41":"n",
      "42":"n",
      "43":"y",
      "44":"y",
      "45":"y",
      "46":"y",
      "47":"y",
      "48":"y",
      "49":"y",
      "50":"y",
      "51":"y",
      "52":"y",
      "53":"y",
      "54":"y",
      "55":"y",
      "56":"y",
      "57":"y"
    },
    "chrome":{
      "4":"n",
      "5":"n",
      "6":"n",
      "7":"n",
      "8":"n",
      "9":"n",
      "10":"n",
      "11":"n",
      "12":"n",
      "13":"n",
      "14":"n",
      "15":"n",
      "16":"n",
      "17":"n",
      "18":"n",
      "19":"n",
      "20":"n",
      "21":"n",
      "22":"n",
      "23":"n",
      "24":"n",
      "25":"n",
      "26":"n",
      "27":"n",
      "28":"n",
      "29":"n",
      "30":"n",
      "31":"n",
      "32":"n",
      "33":"n",
      "34":"n",
      "35":"n",
      "36":"n",
      "37":"n",
      "38":"n",
      "39":"n",
      "40":"n",
      "41":"n",
      "42":"n",
      "43":"n",
      "44":"n",
      "45":"y",
      "46":"y",
      "47":"y",
      "48":"y",
      "49":"y",
      "50":"y",
      "51":"y",
      "52":"y",
      "53":"y",
      "54":"y",
      "55":"y",
      "56":"y",
      "57":"y",
      "58":"y",
      "59":"y",
      "60":"y",
      "61":"y",
      "62":"y"
    },
    "safari":{
      "3.1":"n",
      "3.2":"n",
      "4":"n",
      "5":"n",
      "5.1":"n",
      "6":"n",
      "6.1":"n",
      "7":"n",
      "7.1":"n",
      "8":"n",
      "9":"n",
      "9.1":"n",
      "10":"n",
      "10.1":"n",
      "11":"y",
      "TP":"y"
    },
    "opera":{
      "9":"n",
      "9.5-9.6":"n",
      "10.0-10.1":"n",
      "10.5":"n",
      "10.6":"n",
      "11":"n",
      "11.1":"n",
      "11.5":"n",
      "11.6":"n",
      "12":"n",
      "12.1":"n",
      "15":"n",
      "16":"n",
      "17":"n",
      "18":"n",
      "19":"n",
      "20":"n",
      "21":"n",
      "22":"n",
      "23":"n",
      "24":"n",
      "25":"n",
      "26":"n",
      "27":"n",
      "28":"n",
      "29":"n",
      "30":"n",
      "31":"n",
      "32":"y",
      "33":"y",
      "34":"y",
      "35":"y",
      "36":"y",
      "37":"y",
      "38":"y",
      "39":"y",
      "40":"y",
      "41":"y",
      "42":"y",
      "43":"y",
      "44":"y",
      "45":"y",
      "46":"y",
      "47":"y",
      "48":"y"
    },
    "ios_saf":{
      "3.2":"n",
      "4.0-4.1":"n",
      "4.2-4.3":"n",
      "5.0-5.1":"n",
      "6.0-6.1":"n",
      "7.0-7.1":"n",
      "8":"n",
      "8.1-8.4":"n",
      "9.0-9.2":"n",
      "9.3":"n",
      "10.0-10.2":"n",
      "10.3":"n",
      "11":"n"
    },
    "op_mini":{
      "all":"n"
    },
    "android":{
      "2.1":"n",
      "2.2":"n",
      "2.3":"n",
      "3":"n",
      "4":"n",
      "4.1":"n",
      "4.2-4.3":"n",
      "4.4":"n",
      "4.4.3-4.4.4":"n",
      "56":"y"
    },
    "bb":{
      "7":"n",
      "10":"n"
    },
    "op_mob":{
      "10":"n",
      "11":"n",
      "11.1":"n",
      "11.5":"n",
      "12":"n",
      "12.1":"n",
      "37":"y"
    },
    "and_chr":{
      "59":"y"
    },
    "and_ff":{
      "54":"y"
    },
    "ie_mob":{
      "10":"n",
      "11":"n"
    },
    "and_uc":{
      "11.4":"n"
    },
    "samsung":{
      "4":"n",
      "5":"y"
    },
    "and_qq":{
      "1.2":"y"
    },
    "baidu":{
      "7.12":"y"
    }
  },
  "notes":"",
  "notes_by_num":{
    
  },
  "usage_perc_y":60.46,
  "usage_perc_a":0,
  "ucprefix":false,
  "parent":"",
  "keywords":"SRI, security, hash",
  "ie_id":"subresourceintegrity",
  "chrome_id":"6183089948590080",
  "firefox_id":"subresource-integrity",
  "webkit_id":"feature-subresource-integrity",
  "shown":true
}
