{
  "es6.typed.array-buffer": {
    "chrome": "51",
    "edge": "13",
    "firefox": "48",
    "safari": "10",
    "node": "6.5",
    "ios": "10",
    "opera": "38",
    "electron": "1.2"
  },
  "es6.typed.data-view": {
    "chrome": "5",
    "opera": "12",
    "edge": "12",
    "firefox": "15",
    "safari": "5.1",
    "node": "0.12",
    "ie": "10",
    "android": "4",
    "ios": "6",
    "electron": "1.1"
  },
  "es6.typed.int8-array": {
    "chrome": "51",
    "edge": "13",
    "firefox": "48",
    "safari": "10",
    "node": "6.5",
    "ios": "10",
    "opera": "38",
    "electron": "1.2"
  },
  "es6.typed.uint8-array": {
    "chrome": "51",
    "edge": "13",
    "firefox": "48",
    "safari": "10",
    "node": "6.5",
    "ios": "10",
    "opera": "38",
    "electron": "1.2"
  },
  "es6.typed.uint8-clamped-array": {
    "chrome": "51",
    "edge": "13",
    "firefox": "48",
    "safari": "10",
    "node": "6.5",
    "ios": "10",
    "opera": "38",
    "electron": "1.2"
  },
  "es6.typed.int16-array": {
    "chrome": "51",
    "edge": "13",
    "firefox": "48",
    "safari": "10",
    "node": "6.5",
    "ios": "10",
    "opera": "38",
    "electron": "1.2"
  },
  "es6.typed.uint16-array": {
    "chrome": "51",
    "edge": "13",
    "firefox": "48",
    "safari": "10",
    "node": "6.5",
    "ios": "10",
    "opera": "38",
    "electron": "1.2"
  },
  "es6.typed.int32-array": {
    "chrome": "51",
    "edge": "13",
    "firefox": "48",
    "safari": "10",
    "node": "6.5",
    "ios": "10",
    "opera": "38",
    "electron": "1.2"
  },
  "es6.typed.uint32-array": {
    "chrome": "51",
    "edge": "13",
    "firefox": "48",
    "safari": "10",
    "node": "6.5",
    "ios": "10",
    "opera": "38",
    "electron": "1.2"
  },
  "es6.typed.float32-array": {
    "chrome": "51",
    "edge": "13",
    "firefox": "48",
    "safari": "10",
    "node": "6.5",
    "ios": "10",
    "opera": "38",
    "electron": "1.2"
  },
  "es6.typed.float64-array": {
    "chrome": "51",
    "edge": "13",
    "firefox": "48",
    "safari": "10",
    "node": "6.5",
    "ios": "10",
    "opera": "38",
    "electron": "1.2"
  },
  "es6.map": {
    "chrome": "51",
    "edge": "15",
    "firefox": "53",
    "safari": "10",
    "node": "6.5",
    "ios": "10",
    "opera": "38",
    "electron": "1.2"
  },
  "es6.set": {
    "chrome": "51",
    "edge": "15",
    "firefox": "53",
    "safari": "10",
    "node": "6.5",
    "ios": "10",
    "opera": "38",
    "electron": "1.2"
  },
  "es6.weak-map": {
    "chrome": "51",
    "edge": "15",
    "firefox": "53",
    "safari": "9",
    "node": "6.5",
    "ios": "9",
    "opera": "38",
    "electron": "1.2"
  },
  "es6.weak-set": {
    "chrome": "51",
    "edge": "15",
    "firefox": "53",
    "safari": "9",
    "node": "6.5",
    "ios": "9",
    "opera": "38",
    "electron": "1.2"
  },
  "es6.reflect.apply": {
    "chrome": "49",
    "edge": "12",
    "firefox": "42",
    "safari": "10",
    "node": "6",
    "ios": "10",
    "opera": "36",
    "electron": "1"
  },
  "es6.reflect.construct": {
    "chrome": "49",
    "edge": "13",
    "firefox": "45",
    "safari": "10",
    "node": "6",
    "ios": "10",
    "opera": "36",
    "electron": "1"
  },
  "es6.reflect.define-property": {
    "chrome": "49",
    "edge": "13",
    "firefox": "42",
    "safari": "10",
    "node": "6",
    "ios": "10",
    "opera": "36",
    "electron": "1"
  },
  "es6.reflect.delete-property": {
    "chrome": "49",
    "edge": "12",
    "firefox": "42",
    "safari": "10",
    "node": "6",
    "ios": "10",
    "opera": "36",
    "electron": "1"
  },
  "es6.reflect.get": {
    "chrome": "49",
    "edge": "12",
    "firefox": "42",
    "safari": "10",
    "node": "6",
    "ios": "10",
    "opera": "36",
    "electron": "1"
  },
  "es6.reflect.get-own-property-descriptor": {
    "chrome": "49",
    "edge": "12",
    "firefox": "42",
    "safari": "10",
    "node": "6",
    "ios": "10",
    "opera": "36",
    "electron": "1"
  },
  "es6.reflect.get-prototype-of": {
    "chrome": "49",
    "edge": "12",
    "firefox": "42",
    "safari": "10",
    "node": "6",
    "ios": "10",
    "opera": "36",
    "electron": "1"
  },
  "es6.reflect.has": {
    "chrome": "49",
    "edge": "12",
    "firefox": "42",
    "safari": "10",
    "node": "6",
    "ios": "10",
    "opera": "36",
    "electron": "1"
  },
  "es6.reflect.is-extensible": {
    "chrome": "49",
    "edge": "12",
    "firefox": "42",
    "safari": "10",
    "node": "6",
    "ios": "10",
    "opera": "36",
    "electron": "1"
  },
  "es6.reflect.own-keys": {
    "chrome": "49",
    "edge": "12",
    "firefox": "42",
    "safari": "10",
    "node": "6",
    "ios": "10",
    "opera": "36",
    "electron": "1"
  },
  "es6.reflect.prevent-extensions": {
    "chrome": "49",
    "edge": "12",
    "firefox": "42",
    "safari": "10",
    "node": "6",
    "ios": "10",
    "opera": "36",
    "electron": "1"
  },
  "es6.reflect.set": {
    "chrome": "49",
    "edge": "12",
    "firefox": "42",
    "safari": "10",
    "node": "6",
    "ios": "10",
    "opera": "36",
    "electron": "1"
  },
  "es6.reflect.set-prototype-of": {
    "chrome": "49",
    "edge": "12",
    "firefox": "42",
    "safari": "10",
    "node": "6",
    "ios": "10",
    "opera": "36",
    "electron": "1"
  },
  "es6.promise": {
    "chrome": "51",
    "edge": "13",
    "firefox": "45",
    "safari": "10",
    "node": "6.5",
    "ios": "10",
    "opera": "38",
    "electron": "1.2"
  },
  "es6.symbol": {
    "chrome": "51",
    "firefox": "51",
    "safari": "10",
    "node": "6.5",
    "ios": "10",
    "opera": "38",
    "electron": "1.2"
  },
  "es6.object.assign": {
    "chrome": "45",
    "edge": "12",
    "firefox": "34",
    "safari": "9",
    "node": "4",
    "ios": "9",
    "opera": "32",
    "electron": "0.35"
  },
  "es6.object.is": {
    "chrome": "19",
    "edge": "12",
    "firefox": "22",
    "safari": "9",
    "node": "0.12",
    "android": "4.1",
    "ios": "9",
    "electron": "0.2"
  },
  "es6.object.set-prototype-of": {
    "chrome": "34",
    "edge": "12",
    "firefox": "31",
    "safari": "9",
    "node": "0.12",
    "ie": "11",
    "ios": "9",
    "opera": "21",
    "electron": "0.2"
  },
  "es6.function.name": {
    "chrome": "51",
    "firefox": "53",
    "safari": "10",
    "node": "6.5",
    "ios": "10",
    "opera": "38",
    "electron": "1.2"
  },
  "es6.string.raw": {
    "chrome": "41",
    "edge": "12",
    "firefox": "34",
    "safari": "9",
    "node": "4",
    "ios": "9",
    "opera": "28",
    "electron": "0.24"
  },
  "es6.string.from-code-point": {
    "chrome": "41",
    "edge": "12",
    "firefox": "29",
    "safari": "9",
    "node": "4",
    "ios": "9",
    "opera": "28",
    "electron": "0.24"
  },
  "es6.string.code-point-at": {
    "chrome": "41",
    "edge": "12",
    "firefox": "29",
    "safari": "9",
    "node": "4",
    "ios": "9",
    "opera": "28",
    "electron": "0.24"
  },
  "es6.string.repeat": {
    "chrome": "41",
    "edge": "12",
    "firefox": "24",
    "safari": "9",
    "node": "4",
    "ios": "9",
    "opera": "28",
    "electron": "0.24"
  },
  "es6.string.starts-with": {
    "chrome": "41",
    "edge": "12",
    "firefox": "29",
    "safari": "9",
    "node": "4",
    "ios": "9",
    "opera": "28",
    "electron": "0.24"
  },
  "es6.string.ends-with": {
    "chrome": "41",
    "edge": "12",
    "firefox": "29",
    "safari": "9",
    "node": "4",
    "ios": "9",
    "opera": "28",
    "electron": "0.24"
  },
  "es6.string.includes": {
    "chrome": "41",
    "edge": "12",
    "firefox": "40",
    "safari": "9",
    "node": "4",
    "ios": "9",
    "opera": "28",
    "electron": "0.24"
  },
  "es6.regexp.flags": {
    "chrome": "49",
    "firefox": "37",
    "safari": "9",
    "node": "6",
    "ios": "9",
    "opera": "36",
    "electron": "1"
  },
  "es6.regexp.match": {
    "chrome": "50",
    "firefox": "49",
    "safari": "10",
    "node": "6",
    "ios": "10",
    "opera": "37",
    "electron": "1.1"
  },
  "es6.regexp.replace": {
    "chrome": "50",
    "firefox": "49",
    "safari": "10",
    "node": "6",
    "ios": "10",
    "opera": "37",
    "electron": "1.1"
  },
  "es6.regexp.split": {
    "chrome": "50",
    "firefox": "49",
    "safari": "10",
    "node": "6",
    "ios": "10",
    "opera": "37",
    "electron": "1.1"
  },
  "es6.regexp.search": {
    "chrome": "50",
    "firefox": "49",
    "safari": "10",
    "node": "6",
    "ios": "10",
    "opera": "37",
    "electron": "1.1"
  },
  "es6.array.from": {
    "chrome": "51",
    "edge": "15",
    "firefox": "36",
    "safari": "10",
    "node": "6.5",
    "ios": "10",
    "opera": "38",
    "electron": "1.2"
  },
  "es6.array.of": {
    "chrome": "45",
    "edge": "12",
    "firefox": "25",
    "safari": "9",
    "node": "4",
    "ios": "9",
    "opera": "32",
    "electron": "0.35"
  },
  "es6.array.copy-within": {
    "chrome": "45",
    "edge": "12",
    "firefox": "32",
    "safari": "9",
    "node": "4",
    "ios": "9",
    "opera": "32",
    "electron": "0.35"
  },
  "es6.array.find": {
    "chrome": "45",
    "edge": "12",
    "firefox": "25",
    "safari": "7.1",
    "node": "4",
    "ios": "8",
    "opera": "32",
    "electron": "0.35"
  },
  "es6.array.find-index": {
    "chrome": "45",
    "edge": "12",
    "firefox": "25",
    "safari": "7.1",
    "node": "4",
    "ios": "8",
    "opera": "32",
    "electron": "0.35"
  },
  "es6.array.fill": {
    "chrome": "45",
    "edge": "12",
    "firefox": "31",
    "safari": "7.1",
    "node": "4",
    "ios": "8",
    "opera": "32",
    "electron": "0.35"
  },
  "es6.array.iterator": {
    "chrome": "38",
    "edge": "12",
    "firefox": "28",
    "safari": "7.1",
    "node": "0.12",
    "ios": "8",
    "opera": "25",
    "electron": "0.2"
  },
  "es6.number.is-finite": {
    "chrome": "19",
    "edge": "12",
    "firefox": "16",
    "safari": "9",
    "node": "0.12",
    "android": "4.1",
    "ios": "9",
    "electron": "0.2"
  },
  "es6.number.is-integer": {
    "chrome": "34",
    "edge": "12",
    "firefox": "16",
    "safari": "9",
    "node": "0.12",
    "ios": "9",
    "opera": "21",
    "electron": "0.2"
  },
  "es6.number.is-safe-integer": {
    "chrome": "34",
    "edge": "12",
    "firefox": "32",
    "safari": "9",
    "node": "0.12",
    "ios": "9",
    "opera": "21",
    "electron": "0.2"
  },
  "es6.number.is-nan": {
    "chrome": "19",
    "edge": "12",
    "firefox": "15",
    "safari": "9",
    "node": "0.12",
    "android": "4.1",
    "ios": "9",
    "electron": "0.2"
  },
  "es6.number.epsilon": {
    "chrome": "34",
    "edge": "12",
    "firefox": "25",
    "safari": "9",
    "node": "0.12",
    "ios": "9",
    "opera": "21",
    "electron": "0.2"
  },
  "es6.number.min-safe-integer": {
    "chrome": "34",
    "edge": "12",
    "firefox": "31",
    "safari": "9",
    "node": "0.12",
    "ios": "9",
    "opera": "21",
    "electron": "0.2"
  },
  "es6.number.max-safe-integer": {
    "chrome": "34",
    "edge": "12",
    "firefox": "31",
    "safari": "9",
    "node": "0.12",
    "ios": "9",
    "opera": "21",
    "electron": "0.2"
  },
  "es6.math.acosh": {
    "chrome": "38",
    "edge": "12",
    "firefox": "25",
    "safari": "7.1",
    "node": "0.12",
    "ios": "8",
    "opera": "25",
    "electron": "0.2"
  },
  "es6.math.asinh": {
    "chrome": "38",
    "edge": "12",
    "firefox": "25",
    "safari": "7.1",
    "node": "0.12",
    "ios": "8",
    "opera": "25",
    "electron": "0.2"
  },
  "es6.math.atanh": {
    "chrome": "38",
    "edge": "12",
    "firefox": "25",
    "safari": "7.1",
    "node": "0.12",
    "ios": "8",
    "opera": "25",
    "electron": "0.2"
  },
  "es6.math.cbrt": {
    "chrome": "38",
    "edge": "12",
    "firefox": "25",
    "safari": "7.1",
    "node": "0.12",
    "ios": "8",
    "opera": "25",
    "electron": "0.2"
  },
  "es6.math.clz32": {
    "chrome": "38",
    "edge": "12",
    "firefox": "31",
    "safari": "9",
    "node": "0.12",
    "ios": "9",
    "opera": "25",
    "electron": "0.2"
  },
  "es6.math.cosh": {
    "chrome": "38",
    "edge": "12",
    "firefox": "25",
    "safari": "7.1",
    "node": "0.12",
    "ios": "8",
    "opera": "25",
    "electron": "0.2"
  },
  "es6.math.expm1": {
    "chrome": "38",
    "edge": "12",
    "firefox": "25",
    "safari": "7.1",
    "node": "0.12",
    "ios": "8",
    "opera": "25",
    "electron": "0.2"
  },
  "es6.math.fround": {
    "chrome": "38",
    "edge": "12",
    "firefox": "26",
    "safari": "7.1",
    "node": "0.12",
    "ios": "8",
    "opera": "25",
    "electron": "0.2"
  },
  "es6.math.hypot": {
    "chrome": "38",
    "edge": "12",
    "firefox": "27",
    "safari": "7.1",
    "node": "0.12",
    "ios": "8",
    "opera": "25",
    "electron": "0.2"
  },
  "es6.math.imul": {
    "chrome": "30",
    "edge": "12",
    "firefox": "23",
    "safari": "7",
    "node": "0.12",
    "ios": "7",
    "opera": "17",
    "electron": "0.2"
  },
  "es6.math.log1p": {
    "chrome": "38",
    "edge": "12",
    "firefox": "25",
    "safari": "7.1",
    "node": "0.12",
    "ios": "8",
    "opera": "25",
    "electron": "0.2"
  },
  "es6.math.log10": {
    "chrome": "38",
    "edge": "12",
    "firefox": "25",
    "safari": "7.1",
    "node": "0.12",
    "ios": "8",
    "opera": "25",
    "electron": "0.2"
  },
  "es6.math.log2": {
    "chrome": "38",
    "edge": "12",
    "firefox": "25",
    "safari": "7.1",
    "node": "0.12",
    "ios": "8",
    "opera": "25",
    "electron": "0.2"
  },
  "es6.math.sign": {
    "chrome": "38",
    "edge": "12",
    "firefox": "25",
    "safari": "9",
    "node": "0.12",
    "ios": "9",
    "opera": "25",
    "electron": "0.2"
  },
  "es6.math.sinh": {
    "chrome": "38",
    "edge": "12",
    "firefox": "25",
    "safari": "7.1",
    "node": "0.12",
    "ios": "8",
    "opera": "25",
    "electron": "0.2"
  },
  "es6.math.tanh": {
    "chrome": "38",
    "edge": "12",
    "firefox": "25",
    "safari": "7.1",
    "node": "0.12",
    "ios": "8",
    "opera": "25",
    "electron": "0.2"
  },
  "es6.math.trunc": {
    "chrome": "38",
    "edge": "12",
    "firefox": "25",
    "safari": "7.1",
    "node": "0.12",
    "ios": "8",
    "opera": "25",
    "electron": "0.2"
  },
  "es7.array.includes": {
    "chrome": "47",
    "edge": "14",
    "firefox": "43",
    "safari": "10",
    "node": "6",
    "ios": "10",
    "opera": "34",
    "electron": "0.36"
  },
  "es7.object.values": {
    "chrome": "54",
    "edge": "14",
    "firefox": "47",
    "safari": "10.1",
    "node": "7",
    "ios": "10.3",
    "opera": "41",
    "electron": "1.5"
  },
  "es7.object.entries": {
    "chrome": "54",
    "edge": "14",
    "firefox": "47",
    "safari": "10.1",
    "node": "7",
    "ios": "10.3",
    "opera": "41",
    "electron": "1.5"
  },
  "es7.object.get-own-property-descriptors": {
    "chrome": "54",
    "edge": "15",
    "firefox": "50",
    "safari": "10.1",
    "node": "7",
    "ios": "10.3",
    "opera": "41",
    "electron": "1.5"
  },
  "es7.string.pad-start": {
    "chrome": "57",
    "edge": "15",
    "firefox": "48",
    "safari": "10",
    "node": "8",
    "ios": "10",
    "opera": "44",
    "electron": "1.7"
  },
  "es7.string.pad-end": {
    "chrome": "57",
    "edge": "15",
    "firefox": "48",
    "safari": "10",
    "node": "8",
    "ios": "10",
    "opera": "44",
    "electron": "1.7"
  }
}
