{
    "authors": "Uros Smolnik <https://github.com/urossmolnik/>",
    "definitionFilename": "index.d.ts",
    "libraryDependencies": [
        "express-serve-static-core"
    ],
    "moduleDependencies": [
        "express-serve-static-core",
        "mime"
    ],
    "libraryMajorVersion": "1",
    "libraryMinorVersion": "7",
    "libraryName": "serve-static 1.7.1",
    "typingsPackageName": "serve-static",
    "projectName": "https://github.com/expressjs/serve-static",
    "sourceRepoURL": "https://www.github.com/DefinitelyTyped/DefinitelyTyped",
    "sourceBranch": "types-2.0",
    "kind": "ProperModule",
    "globals": [
        "serveStatic"
    ],
    "declaredModules": [
        "serve-static"
    ],
    "files": [
        "index.d.ts"
    ],
    "hasPackageJson": false,
    "contentHash": "6dbb5dca075bde179287659bb4382b64701adb508c89809310a1ce6a2b87ad83"
}